id,product,read1,read2,replicate,species,strain,technology,time
WT_I_1m_CPD_0,CPD,WT_I_1m_CPD_0.fastq,NA,0,E. coli,WT,XR-seq,1m
WT_I_5m_CPD_0,CPD,WT_I_5m_CPD_0.fastq,NA,0,E. coli,WT,XR-seq,5m
WT_I_20m_CPD_0,CPD,WT_I_20m_CPD_0.fastq,NA,0,E. coli,WT,XR-seq,20m
WT_I_60m_CPD_0,CPD,WT_I_60m_CPD_0.fastq,NA,0,E. coli,WT,XR-seq,60m
WT_I_5m_CPD_1,CPD,WT_I_5m_CPD_1.fastq,NA,1,E. coli,WT,XR-seq,5m
mfd_I_5m_CPD_1,CPD,mfd_I_5m_CPD_1.fastq,NA,1,E. coli,mfd,XR-seq,5m
WT_I_10m_CPD_1,CPD,WT_I_10m_CPD_1.fastq,NA,1,E. coli,WT,XR-seq,10m
mfd_I_10m_CPD_1,CPD,mfd_I_10m_CPD_1.fastq,NA,1,E. coli,mfd,XR-seq,10m
WT_I_1m_64_1,64PP,WT_I_1m_64_1.fastq,NA,1,E. coli,WT,XR-seq,1m
WT_I_5m_64_1,64PP,WT_I_5m_64_1.fastq,NA,1,E. coli,WT,XR-seq,5m
3x3WT1m,CPD,3x3WT1m.fastq,NA,1,E. coli,WT,XR-seq,1m
3x3WT10m,CPD,3x3WT10m.fastq,NA,2,E. coli,WT,XR-seq,10m
3x3WT20m,CPD,3x3WT20m.fastq,NA,1,E. coli,WT,XR-seq,20m
3x3WT60m,CPD,3x3WT60m.fastq,NA,1,E. coli,WT,XR-seq,60m
3x3m5m,CPD,3x3m5m.fastq,NA,2,E. coli,mfd,XR-seq,5m
3x3m10m,CPD,3x3m10m.fastq,NA,2,E. coli,mfd,XR-seq,10m
3x3m60m8,CPD,3x3m60m8.fastq,NA,1,E. coli,mfd,XR-seq,60m
3x3m60m9,CPD,3x3m60m9.fastq,NA,2,E. coli,mfd,XR-seq,60m
3x24WT60m,CPD,3x24WT60m.fastq,NA,2,E. coli,WT,XR-seq,60m
3x24WT20m,CPD,3x24WT20m.fastq,NA,2,E. coli,WT,XR-seq,20m
3x24m60m,CPD,3x24m60m.fastq,NA,3,E. coli,mfd,XR-seq,60m
3x24WTpls15s,64PP,3x24WTpls15s.fastq,NA,1,E. coli,WT,XR-seq,15s
3x24W20m64,64PP,3x24W20m64.fastq,NA,1,E. coli,WT,XR-seq,20m
5x8WI15s,64PP,5x8WI15s.fastq,NA,2,E. coli,WT,XR-seq,15s
5x8WI5m,64PP,5x8WI5m.fastq,NA,2,E. coli,WT,XR-seq,5m
5x8WI1m,64PP,5x8WI1m.fastq,NA,2,E. coli,WT,XR-seq,1m
5x8WI20m,64PP,5x8WI20m.fastq,NA,2,E. coli,WT,XR-seq,20m
5x8WI60F1,64PP,5x8WI60F1.fastq,NA,2,E. coli,WT,XR-seq,60m
5x8WI20,64PP,5x8WI20.fastq,NA,3,E. coli,WT,XR-seq,20m
5x8WI60E4,64PP,5x8WI60E4.fastq,NA,3,E. coli,WT,XR-seq,60m
5x8WI608,64PP,5x8WI608.fastq,NA,1,E. coli,WT,XR-seq,60m
5x8MI90G,CPD,5x8MI90G.fastq,NA,1,E. coli,mfd,XR-seq,90m
5x8MI90H,CPD,5x8MI90H.fastq,NA,2,E. coli,mfd,XR-seq,90m
5x8MI120I,CPD,5x8MI120I.fastq,NA,1,E. coli,mfd,XR-seq,120m
5x8MI120J,CPD,5x8MI120J.fastq,NA,2,E. coli,mfd,XR-seq,120m
uvrD0_GTGAATAT,64PP,uvrD0_GTGAATAT.fastq,NA,1,E. coli,uvrD,XR-seq,0m
uvrD2_ACAGGCGC,64PP,uvrD2_ACAGGCGC.fastq,NA,1,E. coli,uvrD,XR-seq,2m
uvrD5_CATAGAGT,64PP,uvrD5_CATAGAGT.fastq,NA,1,E. coli,uvrD,XR-seq,5m
uvrD15_TGCGAGAC,64PP,uvrD15_TGCGAGAC.fastq,NA,1,E. coli,uvrD,XR-seq,15m
uvrDM0_TCTCTACT,64PP,uvrDM0_TCTCTACT.fastq,NA,1,E. coli,uvrD_mfd,XR-seq,0m
uvrDM2_CTCTCGTC,64PP,uvrDM2_CTCTCGTC.fastq,NA,1,E. coli,uvrD_mfd,XR-seq,2m
uvrDM5_CCAAGTCT,64PP,uvrDM5_CCAAGTCT.fastq,NA,1,E. coli,uvrD_mfd,XR-seq,5m
uvrDM15_TTGGACTC,64PP,uvrDM15_TTGGACTC.fastq,NA,1,E. coli,uvrD_mfd,XR-seq,15m
uvrD0_GTGAATAT_rep2,64PP,uvrD0_GTGAATAT_rep2.fastq,NA,2,E. coli,uvrD,XR-seq,0m
uvrD2_ACAGGCGC_rep2,64PP,uvrD2_ACAGGCGC_rep2.fastq,NA,2,E. coli,uvrD,XR-seq,2m
uvrD5_CATAGAGT_rep2,64PP,uvrD5_CATAGAGT_rep2.fastq,NA,2,E. coli,uvrD,XR-seq,5m
uvrD15_TGCGAGAC_rep2,64PP,uvrD15_TGCGAGAC_rep2.fastq,NA,2,E. coli,uvrD,XR-seq,15m
uvrDM0_TCTCTACT_rep2,64PP,uvrDM0_TCTCTACT_rep2.fastq,NA,2,E. coli,uvrD_mfd,XR-seq,0m
uvrDM2_CTCTCGTC_rep2,64PP,uvrDM2_CTCTCGTC_rep2.fastq,NA,2,E. coli,uvrD_mfd,XR-seq,2m
uvrDM5_ATGGCATG_rep2,64PP,uvrDM5_ATGGCATG_rep2.fastq,NA,2,E. coli,uvrD_mfd,XR-seq,5m
uvrDM15_GCAATGCA_rep2,64PP,uvrDM15_GCAATGCA_rep2.fastq,NA,2,E. coli,uvrD_mfd,XR-seq,15m
mfd1mA_CTTATCGG_rep2,CPD,mfd1mA_CTTATCGG_rep2.fastq,NA,2,E. coli,mfd,XR-seq,1m
A1WI,,A1WI_1.fq.gz,A1WI_2.fq.gz,1,E. coli,WT,RNA-seq,
A1MI,,A1MI_1.fq.gz,A1MI_2.fq.gz,1,E. coli,mfd,RNA-seq,
A1DI,,A1DI_1.fq.gz,A1DI_2.fq.gz,1,E. coli,uvrD,RNA-seq,
B2WI,,B2WI_1.fq.gz,B2WI_2.fq.gz,2,E. coli,WT,RNA-seq,
B2MI,,B2MI_1.fq.gz,B2MI_2.fq.gz,2,E. coli,mfd,RNA-seq,
B2DI,,B2DI_1.fq.gz,B2DI_2.fq.gz,2,E. coli,uvrD,RNA-seq,
